{"cameraMode":{"drawMode":0,"name":"Shaded","section":"Shading Mode"},"sceneLighting":false,"audioPlay":false,"sceneViewState":{"showFog":true,"showMaterialUpdate":false,"showSkybox":true,"showFlares":true,"showImageEffects":true,"showParticleSystems":true},"in2DMode":false,"pivot":{"x":4.403267860412598,"y":5.935468673706055,"z":75.14460754394531},"rotation":{"x":0.04325311630964279,"y":-0.6145305037498474,"z":0.033765241503715518,"w":0.7869824767112732},"size":23.04684829711914,"orthographic":true}