{"cameraMode":{"drawMode":0,"name":"Shaded","section":"Shading Mode"},"sceneLighting":false,"audioPlay":false,"sceneViewState":{"showFog":true,"showMaterialUpdate":false,"showSkybox":true,"showFlares":true,"showImageEffects":true,"showParticleSystems":true},"in2DMode":false,"pivot":{"x":5.872681617736816,"y":2.0372517108917238,"z":-2.252943277359009},"rotation":{"x":0.15152598917484284,"y":0.3033808469772339,"z":-0.04889083281159401,"w":0.9394730925559998},"size":22.52867317199707,"orthographic":true}