{"cameraMode":{"drawMode":0,"name":"Shaded","section":"Shading Mode"},"sceneLighting":false,"audioPlay":false,"sceneViewState":{"showFog":true,"showMaterialUpdate":false,"showSkybox":true,"showFlares":true,"showImageEffects":true,"showParticleSystems":true},"in2DMode":false,"pivot":{"x":7.573659896850586,"y":9.015890121459961,"z":-7.323927879333496},"rotation":{"x":0.21238555014133454,"y":0.326771080493927,"z":-0.0756155252456665,"w":0.9178209900856018},"size":48.441593170166019,"orthographic":true}