{"cameraMode":{"drawMode":0,"name":"Shaded","section":"Shading Mode"},"sceneLighting":false,"audioPlay":false,"sceneViewState":{"showFog":true,"showMaterialUpdate":false,"showSkybox":true,"showFlares":true,"showImageEffects":true,"showParticleSystems":true},"in2DMode":false,"pivot":{"x":3.7757701873779299,"y":1.7000000476837159,"z":-16.54973602294922},"rotation":{"x":-0.0008369650458917022,"y":0.9980513453483582,"z":-0.06085372716188431,"w":-0.013771220110356808},"size":7.275658130645752,"orthographic":false}