{"cameraMode":{"drawMode":0,"name":"Shaded","section":"Shading Mode"},"sceneLighting":false,"audioPlay":false,"sceneViewState":{"showFog":true,"showMaterialUpdate":false,"showSkybox":true,"showFlares":true,"showImageEffects":true,"showParticleSystems":true},"in2DMode":false,"pivot":{"x":-0.7304999828338623,"y":-0.8999999761581421,"z":-1.6875},"rotation":{"x":-0.2842883765697479,"y":0.2701307535171509,"z":-0.08379652351140976,"w":-0.916071891784668},"size":2.7478415966033937,"orthographic":true}