{"cameraMode":{"drawMode":0,"name":"Shaded","section":"Shading Mode"},"sceneLighting":false,"audioPlay":false,"sceneViewState":{"showFog":true,"showMaterialUpdate":false,"showSkybox":true,"showFlares":true,"showImageEffects":true,"showParticleSystems":true},"in2DMode":false,"pivot":{"x":0.5510416030883789,"y":3.9608707427978517,"z":0.5438505411148071},"rotation":{"x":0.041086118668317798,"y":0.6669303178787231,"z":-0.03678860142827034,"w":0.7430764436721802},"size":12.859842300415039,"orthographic":false}