{"cameraMode":{"drawMode":0,"name":"Shaded","section":"Shading Mode"},"sceneLighting":false,"audioPlay":false,"sceneViewState":{"showFog":true,"showMaterialUpdate":false,"showSkybox":true,"showFlares":true,"showImageEffects":true,"showParticleSystems":true},"in2DMode":false,"pivot":{"x":5.904510498046875,"y":4.010462760925293,"z":-5.273774147033691},"rotation":{"x":0.1626114398241043,"y":0.11132680624723435,"z":-0.01846802607178688,"w":0.9802157282829285},"size":10.701140403747559,"orthographic":true}