{"cameraMode":{"drawMode":0,"name":"Shaded","section":"Shading Mode"},"sceneLighting":false,"audioPlay":false,"sceneViewState":{"showFog":true,"showMaterialUpdate":false,"showSkybox":true,"showFlares":true,"showImageEffects":true,"showParticleSystems":true},"in2DMode":false,"pivot":{"x":0.09945249557495117,"y":1.0056062936782838,"z":0.1490689516067505},"rotation":{"x":-0.046022359281778339,"y":-0.6917999982833862,"z":0.044267408549785617,"w":-0.7192601561546326},"size":6.967787265777588,"orthographic":false}