{"cameraMode":{"drawMode":0,"name":"Shaded","section":"Shading Mode"},"sceneLighting":false,"audioPlay":false,"sceneViewState":{"showFog":true,"showMaterialUpdate":false,"showSkybox":true,"showFlares":true,"showImageEffects":true,"showParticleSystems":true},"in2DMode":false,"pivot":{"x":10.361952781677246,"y":15.455121040344239,"z":-15.135330200195313},"rotation":{"x":0.06042660400271416,"y":-0.7109543085098267,"z":0.06160333752632141,"w":0.6979238390922546},"size":1.1132696866989136,"orthographic":true}