{"cameraMode":{"drawMode":0,"name":"Shaded","section":"Shading Mode"},"sceneLighting":false,"audioPlay":false,"sceneViewState":{"showFog":true,"showMaterialUpdate":false,"showSkybox":true,"showFlares":true,"showImageEffects":true,"showParticleSystems":true},"in2DMode":false,"pivot":{"x":5.960464477539063e-8,"y":0.3582961857318878,"z":-3.5762786865234377e-7},"rotation":{"x":-0.0880219116806984,"y":-0.6364986300468445,"z":0.07345869392156601,"w":-0.7627092599868774},"size":6.1655354499816898,"orthographic":false}