{"cameraMode":{"drawMode":0,"name":"Shaded","section":"Shading Mode"},"sceneLighting":false,"audioPlay":false,"sceneViewState":{"showFog":true,"showMaterialUpdate":false,"showSkybox":true,"showFlares":true,"showImageEffects":true,"showParticleSystems":true},"in2DMode":false,"pivot":{"x":0.1376953125,"y":1.7470703125,"z":0.906982421875},"rotation":{"x":-0.024721447378396989,"y":-0.7417580485343933,"z":0.027382096275687219,"w":-0.6696522235870361},"size":5.493740081787109,"orthographic":true}