{"cameraMode":{"drawMode":0,"name":"Shaded","section":"Shading Mode"},"sceneLighting":false,"audioPlay":false,"sceneViewState":{"showFog":true,"showMaterialUpdate":false,"showSkybox":true,"showFlares":true,"showImageEffects":true,"showParticleSystems":true},"in2DMode":false,"pivot":{"x":-0.01256263256072998,"y":0.0,"z":-0.2997368574142456},"rotation":{"x":-0.23651878535747529,"y":0.5342854857444763,"z":-0.15882696211338044,"w":-0.7958467602729797},"size":7.27565860748291,"orthographic":true}