{"cameraMode":{"drawMode":0,"name":"Shaded","section":"Shading Mode"},"sceneLighting":false,"audioPlay":false,"sceneViewState":{"showFog":true,"showMaterialUpdate":false,"showSkybox":true,"showFlares":true,"showImageEffects":true,"showParticleSystems":true},"in2DMode":false,"pivot":{"x":0.15073108673095704,"y":1.5573419332504273,"z":0.06416726112365723},"rotation":{"x":-0.06228195130825043,"y":-0.6895512342453003,"z":0.059727273881435397,"w":-0.7190776467323303},"size":11.593419075012207,"orthographic":false}