{"cameraMode":{"drawMode":0,"name":"Shaded","section":"Shading Mode"},"sceneLighting":false,"audioPlay":false,"sceneViewState":{"showFog":true,"showMaterialUpdate":false,"showSkybox":true,"showFlares":true,"showImageEffects":true,"showParticleSystems":true},"in2DMode":false,"pivot":{"x":-0.7519999742507935,"y":-0.8799999952316284,"z":-1.6365000009536744},"rotation":{"x":-0.2842883765697479,"y":0.2701307535171509,"z":-0.08379652351140976,"w":-0.916071891784668},"size":3.176389455795288,"orthographic":true}