{"cameraMode":{"drawMode":0,"name":"Shaded","section":"Shading Mode"},"sceneLighting":false,"audioPlay":false,"sceneViewState":{"showFog":true,"showMaterialUpdate":false,"showSkybox":true,"showFlares":true,"showImageEffects":true,"showParticleSystems":true},"in2DMode":false,"pivot":{"x":0.0,"y":0.3232979476451874,"z":2.384185791015625e-7},"rotation":{"x":-0.04914860054850578,"y":-0.6371143460273743,"z":0.040768492966890338,"w":-0.7681196331977844},"size":6.624084949493408,"orthographic":false}