{"cameraMode":{"drawMode":0,"name":"Shaded","section":"Shading Mode"},"sceneLighting":false,"audioPlay":false,"sceneViewState":{"showFog":true,"showMaterialUpdate":false,"showSkybox":true,"showFlares":true,"showImageEffects":true,"showParticleSystems":true},"in2DMode":false,"pivot":{"x":-0.779999852180481,"y":-0.9300000071525574,"z":-1.6800000667572022},"rotation":{"x":-0.2842883765697479,"y":0.2701307535171509,"z":-0.08379652351140976,"w":-0.916071891784668},"size":3.5008015632629396,"orthographic":true}