{"cameraMode":{"drawMode":0,"name":"Shaded","section":"Shading Mode"},"sceneLighting":false,"audioPlay":false,"sceneViewState":{"showFog":true,"showMaterialUpdate":false,"showSkybox":true,"showFlares":true,"showImageEffects":true,"showParticleSystems":true},"in2DMode":false,"pivot":{"x":11.53955078125,"y":15.4361572265625,"z":-14.9188232421875},"rotation":{"x":0.15254124999046327,"y":-0.5782707333564758,"z":0.11118195950984955,"w":0.7937082648277283},"size":2.558131694793701,"orthographic":true}