{"cameraMode":{"drawMode":0,"name":"Shaded","section":"Shading Mode"},"sceneLighting":false,"audioPlay":false,"sceneViewState":{"showFog":true,"showMaterialUpdate":false,"showSkybox":true,"showFlares":true,"showImageEffects":true,"showParticleSystems":true},"in2DMode":false,"pivot":{"x":0.0,"y":0.3232979476451874,"z":2.384185791015625e-7},"rotation":{"x":-0.09520688652992249,"y":-0.6093780398368836,"z":0.07403632998466492,"w":-0.7836534976959229},"size":6.024084568023682,"orthographic":false}