{"cameraMode":{"drawMode":0,"name":"Shaded","section":"Shading Mode"},"sceneLighting":false,"audioPlay":false,"sceneViewState":{"showFog":true,"showMaterialUpdate":false,"showSkybox":true,"showFlares":true,"showImageEffects":true,"showParticleSystems":true},"in2DMode":false,"pivot":{"x":-1.149999976158142,"y":-0.8100000023841858,"z":-1.4900000095367432},"rotation":{"x":-0.2842883765697479,"y":0.2701307535171509,"z":-0.08379652351140976,"w":-0.916071891784668},"size":0.7000358700752258,"orthographic":true}