{"cameraMode":{"drawMode":0,"name":"Shaded","section":"Shading Mode"},"sceneLighting":false,"audioPlay":false,"sceneViewState":{"showFog":true,"showMaterialUpdate":false,"showSkybox":true,"showFlares":true,"showImageEffects":true,"showParticleSystems":true},"in2DMode":false,"pivot":{"x":5.434797286987305,"y":1.4700000286102296,"z":1.4523773193359376},"rotation":{"x":0.12638457119464875,"y":0.052089206874370578,"z":-0.006645794492214918,"w":0.9905905723571777},"size":7.275658130645752,"orthographic":true}