{"cameraMode":{"drawMode":0,"name":"Shaded","section":"Shading Mode"},"sceneLighting":false,"audioPlay":false,"sceneViewState":{"showFog":true,"showMaterialUpdate":false,"showSkybox":true,"showFlares":true,"showImageEffects":true,"showParticleSystems":true},"in2DMode":false,"pivot":{"x":-0.7099999785423279,"y":0.23999999463558198,"z":-2.4700000286102297},"rotation":{"x":-0.2842883765697479,"y":0.2701307535171509,"z":-0.08379652351140976,"w":-0.916071891784668},"size":0.7000360488891602,"orthographic":true}