{"cameraMode":{"drawMode":0,"name":"Shaded","section":"Shading Mode"},"sceneLighting":false,"audioPlay":false,"sceneViewState":{"showFog":true,"showMaterialUpdate":false,"showSkybox":true,"showFlares":true,"showImageEffects":true,"showParticleSystems":true},"in2DMode":false,"pivot":{"x":5.434797286987305,"y":1.4700000286102296,"z":1.4523773193359376},"rotation":{"x":0.01251270156353712,"y":0.9843232035636902,"z":-0.0778178796172142,"w":0.15778382122516633},"size":7.275658130645752,"orthographic":true}